,topic_id,keywords,with_keywords_avg,with_keywords_count,without_keywords_avg,without_keywords_count,rating_difference
0,0,"good, easy, use, easy use, download",2.464333781965007,3715,2.3969317580673604,5671,0.06740202389764649
1,1,"update, time, working, data, like",1.8436958614051973,5195,3.1424481030780242,4191,-1.298752241672827
2,2,"awesome, thanks, service, bad, slow",2.1991012789491875,2893,2.523640843985831,6493,-0.3245395650366434
3,3,"work, doesnt, useless, doesnt work, nice",1.7831937039857833,3939,2.8867266385166146,5447,-1.1035329345308313
4,4,"great, update, love, log, time",2.021549321939439,5383,2.9642767924056956,4003,-0.9427274704662567
